<?xml version="1.0" encoding="UTF-8"?>
<project-private xmlns="http://www.netbeans.org/ns/project-private/1">
    <editor-bookmarks xmlns="http://www.netbeans.org/ns/editor-bookmarks/2" lastBookmarkId="0"/>
    <open-files xmlns="http://www.netbeans.org/ns/projectui-open-files/2">
        <group>
            <file>file:/home/ubuntu/NetBeansProjects/SistemaResidencia-master%20(1)/SistemaResidencia-master/src/vista/BancoPmenu.java</file>
            <file>file:/home/ubuntu/NetBeansProjects/SistemaResidencia-master%20(1)/SistemaResidencia-master/src/vista/FormatoEmpresa.java</file>
            <file>file:/home/ubuntu/NetBeansProjects/SistemaResidencia-master%20(1)/SistemaResidencia-master/src/vista/Main.java</file>
            <file>file:/home/ubuntu/NetBeansProjects/SistemaResidencia-master%20(1)/SistemaResidencia-master/src/modelo/ConexionSQL.java</file>
            <file>file:/home/ubuntu/NetBeansProjects/SistemaResidencia-master%20(1)/SistemaResidencia-master/src/vista/ConsultaEmpresa.java</file>
            <file>file:/home/ubuntu/NetBeansProjects/SistemaResidencia-master%20(1)/SistemaResidencia-master/src/modelo/ModeloCandidato.java</file>
            <file>file:/home/ubuntu/NetBeansProjects/SistemaResidencia-master%20(1)/SistemaResidencia-master/src/modelo/ModeloCandidatoBD.java</file>
            <file>file:/home/ubuntu/NetBeansProjects/SistemaResidencia-master%20(1)/SistemaResidencia-master/src/vista/ConsultaProyecto.java</file>
            <file>file:/home/ubuntu/NetBeansProjects/SistemaResidencia-master%20(1)/SistemaResidencia-master/src/vista/FormatoProyecto.java</file>
            <file>file:/home/ubuntu/NetBeansProjects/SistemaResidencia-master%20(1)/SistemaResidencia-master/src/iconos/regresar.png</file>
            <file>file:/home/ubuntu/NetBeansProjects/SistemaResidencia-master%20(1)/SistemaResidencia-master/src/vista/RegistroCandidato.java</file>
            <file>file:/home/ubuntu/NetBeansProjects/SistemaResidencia-master%20(1)/SistemaResidencia-master/src/iconos/lupa-de-busqueda.png</file>
            <file>file:/home/ubuntu/NetBeansProjects/SistemaResidencia-master%20(1)/SistemaResidencia-master/src/controlador/CandidatoControlador.java</file>
            <file>file:/home/ubuntu/NetBeansProjects/SistemaResidencia-master%20(1)/SistemaResidencia-master/src/modelo/PruebaConexion.java</file>
        </group>
    </open-files>
</project-private>
